{
    "A": {
        "stations": [
            "Ampère - Victor Hugo",
            "Cordeliers",
            "Cusset",
            "Flachet - Alain Gilles",
            "Foch",
            "Gratte-Ciel",
            "Laurent Bonnevay - Astroballe",
            "Masséna",
            "Perrache",
            "République - Villeurbanne",
            "Vaulx-en-Velin - La Soie",
            "Charpennes - Charles Hernu",
            "République - Villeurbanne",
            "Gratte-Ciel",
            "Flachet - Alain Gilles",
            "Cusset",
            "Laurent Bonnevay - Astroballe",
            "Vaulx-en-Velin - La Soie"
        ],
        "latitudes": [
            45.7530516,
            45.7633942,
            45.7656434,
            45.7677765,
            45.7687864,
            45.7690539,
            45.7641338,
            45.769619,
            45.7495418,
            45.770587,
            45.7612489,
            45.7706204,
            45.770587,
            45.7690539,
            45.7677765,
            45.7656434,
            45.7641338,
            45.7612489
        ],
        "longitudes": [
            4.8291603,
            4.8358228,
            4.9008478,
            4.8893766,
            4.8443036,
            4.8823107,
            4.908827,
            4.8533062,
            4.8269988,
            4.8739945,
            4.9219433,
            4.8645897,
            4.8739945,
            4.8823107,
            4.8893766,
            4.9008478,
            4.908827,
            4.9219433
        ]
    },
    "B": {
        "stations": [
            "Charpennes - Charles Hernu",
            "Brotteaux",
            "Gare Part-Dieu - Vivier Merle",
            "Place Guichard - Bourse du Travail",
            "Saxe - Gambetta",
            "Jean Macé",
            "Place Jean Jaurès",
            "Debourg",
            "Stade de Gerland",
            "Gare d'Oullins"
        ],
        "latitudes": [
            45.7706204,
            45.767117,
            45.761645,
            45.7591873,
            45.7532993,
            45.7459301,
            45.73754405,
            45.7310686,
            45.723776150000006,
            45.7166889
        ],
        "longitudes": [
            4.8645897,
            4.8593396,
            4.8574339,
            4.8473882,
            4.8466125,
            4.8423494,
            4.837312576931533,
            4.8334989,
            4.832254170853934,
            4.814489
        ]
    },
    "C": {
        "stations": [
            "Hôtel de Ville - Louis Pradel",
            "Croix-Paquet",
            "Croix-Rousse",
            "Hénon",
            "Cuire"
        ],
        "latitudes": [
            45.7678584,
            45.7710241,
            45.7745422,
            45.779507,
            45.7853201
        ],
        "longitudes": [
            4.8360239,
            4.8361838,
            4.8319927,
            4.8275512,
            4.8326307
        ]
    },
    "D": {
        "stations": [
            "Gare de Vaise",
            "Valmy",
            "Gorge de Loup",
            "Vieux Lyon - Cathédrale Saint-Jean",
            "Bellecour",
            "Guillotière - Gabriel Péri",
            "Saxe - Gambetta",
            "Garibaldi",
            "Sans Souci",
            "Monplaisir - Lumière",
            "Grange Blanche",
            "Laënnec",
            "Mermoz - Pinel",
            "Parilly",
            "Gare de Vénissieux"
        ],
        "latitudes": [
            45.7806026,
            45.7746618,
            45.7664422,
            45.760038,
            45.7573623,
            45.7553232,
            45.7532993,
            45.7517214,
            45.7475565,
            45.745537,
            45.7429728,
            45.7384327,
            45.7305707,
            45.7195177,
            45.7054642
        ],
        "longitudes": [
            4.8045487,
            4.8054273,
            4.8055028,
            4.8259866,
            4.8330089,
            4.842822,
            4.8466125,
            4.8534494,
            4.8650992,
            4.8714378,
            4.8787162,
            4.8865961,
            4.8872668,
            4.8875525,
            4.8879809
        ]
    },
    "T1": {
        "stations": [
            "Debourg",
            "ENS Lyon",
            "Halle Tony-Garnier",
            "Musée des Confluences",
            "Hôtel de région - Montrochet",
            "Sainte-Blandine",
            "Place des Archives",
            "Perrache",
            "Quai Claude-Bernard",
            "Rue de l'Université",
            "Saint-André",
            "Guillotière - Gabriel Péri",
            "Liberté",
            "Saxe - Préfecture",
            "Palais de Justice - Mairie du 3e",
            "Part-Dieu - Auditorium",
            "Gare Part-Dieu - Vivier Merle",
            "Thiers - Lafayette",
            "Collège Bellecombe",
            "Charpennes - Charles Hernu",
            "Le Tonkin",
            "Condorcet",
            "Université Lyon 1",
            "La Doua - Gaston Berger",
            "INSA - Einstein",
            "Croix-Luizet",
            "IUT - Feyssine"
        ],
        "latitudes": [
            45.7310686,
            45.7313929,
            45.729885,
            45.732677800000005,
            45.7405804,
            45.7447211,
            45.747324500000005,
            45.7495418,
            45.7511746,
            45.7487134,
            45.820082,
            45.7553232,
            45.759041,
            45.7595648,
            45.7603032,
            45.76070265,
            45.761645,
            45.7643245,
            45.7650003,
            45.7706204,
            45.7741039,
            45.7790353,
            45.7808956,
            45.7814432,
            45.7824537,
            45.7809026,
            45.7867317
        ],
        "longitudes": [
            4.8334989,
            4.828837,
            4.8250127848746684,
            4.818160692638674,
            4.8190096,
            4.8230658,
            4.825717583502437,
            4.8269988,
            4.8363744,
            4.8428234,
            4.7828676,
            4.842822,
            4.8423663,
            4.8458762,
            4.8482982,
            4.853808690707826,
            4.8574339,
            4.8620149,
            4.86359,
            4.8645897,
            4.8642501,
            4.8664505,
            4.8663364,
            4.8722854,
            4.8775121,
            4.879922,
            4.8819542
        ]
    },